<?xml version="1.0"?>

<data>
  <value type="object" struct-name="app.Toolbar" id="com.mysql.wb.toolbar.option.layer">
    <value type="string" key="name">options/basic/layer</value>
    <value type="string" key="accessibilityName">Layer</value>
    <value type="list" key="items" content-type="object" content-struct-name="app.ToolbarItem">

      <value type="object" struct-name="app.ToolbarItem" id="com.mysql.wb.toolbar.option.layer.color">
        <link type="object" key="owner" struct-name="db.Toolbar">com.mysql.wb.toolbar.option.layer</link>
        <value type="string" key="name">basic/layer/colors</value>
        <value type="string" key="command">option:workbench.model.Layer:Color</value>
        <value type="string" key="itemType">dropdown</value>
      </value>
    </value>
  </value>
</data>
  
