<?xml version="1.0"?>
<data>
 <value _ptr_="019DCB70" type="list" content-type="object" content-struct-name="db.mysql.StorageEngine">
   <value type="object" struct-name="db.mysql.StorageEngine" id="{FACF75F6-8F5B-4E8C-9132-7D8213D4FE4A}" struct-checksum="0xf48dbcd2">
     <value type="string" key="caption"></value>
     <value type="string" key="comment"></value>
     <value type="string" key="description"></value>
     <value type="string" key="name">InnoDB</value>
     <value type="string" key="oldName"></value>
     <value _ptr_="019DCC48" type="list" content-type="object" content-struct-name="db.mysql.StorageEngineOption" key="options"/>
     <value type="int" key="supportsForeignKeys">1</value>
   </value>
   <value type="object" struct-name="db.mysql.StorageEngine" id="{30582B2B-C9AE-4CB6-BA78-F3B8FC448D93}" struct-checksum="0xf48dbcd2">
     <value type="string" key="caption"></value>
     <value type="string" key="comment"></value>
     <value type="string" key="description"></value>
     <value type="string" key="name">MyISAM</value>
     <value type="string" key="oldName"></value>
     <value _ptr_="019DCCF0" type="list" content-type="object" content-struct-name="db.mysql.StorageEngineOption" key="options"/>
     <value type="int" key="supportsForeignKeys">0</value>
   </value>
   <value type="object" struct-name="db.mysql.StorageEngine" id="{4356897B-000F-4CDD-8CFF-F98C8F5646B4}" struct-checksum="0xf48dbcd2">
     <value type="string" key="caption"></value>
     <value type="string" key="comment"></value>
     <value type="string" key="description"></value>
     <value type="string" key="name">ndbcluster</value>
     <value type="string" key="oldName"></value>
     <value _ptr_="019DD110" type="list" content-type="object" content-struct-name="db.mysql.StorageEngineOption" key="options"/>
     <value type="int" key="supportsForeignKeys">1</value> <!-- supported since 7.3 --> 
   </value>
   <value type="object" struct-name="db.mysql.StorageEngine" id="{78231BAE-44DB-4CA7-BF1C-BCE4EC1D6156}" struct-checksum="0xf48dbcd2">
     <value type="string" key="caption"></value>
     <value type="string" key="comment"></value>
     <value type="string" key="description"></value>
     <value type="string" key="name">MEMORY</value>
     <value type="string" key="oldName"></value>
     <value _ptr_="019DCE88" type="list" content-type="object" content-struct-name="db.mysql.StorageEngineOption" key="options"/>
     <value type="int" key="supportsForeignKeys">0</value>
   </value>
   <value type="object" struct-name="db.mysql.StorageEngine" id="{241F26F4-A0CE-4394-82AA-97F579D9637A}" struct-checksum="0xf48dbcd2">
     <value type="string" key="caption"></value>
     <value type="string" key="comment"></value>
     <value type="string" key="description"></value>
     <value type="string" key="name">FEDERATED</value>
     <value type="string" key="oldName"></value>
     <value _ptr_="019DCED0" type="list" content-type="object" content-struct-name="db.mysql.StorageEngineOption" key="options"/>
     <value type="int" key="supportsForeignKeys">0</value>
   </value>
   <value type="object" struct-name="db.mysql.StorageEngine" id="{C17CCBCB-6D35-4275-8852-47DD5730B94B}" struct-checksum="0xf48dbcd2">
     <value type="string" key="caption"></value>
     <value type="string" key="comment"></value>
     <value type="string" key="description"></value>
     <value type="string" key="name">ARCHIVE</value>
     <value type="string" key="oldName"></value>
     <value _ptr_="019DCD80" type="list" content-type="object" content-struct-name="db.mysql.StorageEngineOption" key="options"/>
     <value type="int" key="supportsForeignKeys">0</value>
   </value>
   <value type="object" struct-name="db.mysql.StorageEngine" id="{E3786930-CD92-45D6-9C20-4B9859862400}" struct-checksum="0xf48dbcd2">
     <value type="string" key="caption"></value>
     <value type="string" key="comment"></value>
     <value type="string" key="description"></value>
     <value type="string" key="name">CSV</value>
     <value type="string" key="oldName"></value>
     <value _ptr_="019DD200" type="list" content-type="object" content-struct-name="db.mysql.StorageEngineOption" key="options"/>
     <value type="int" key="supportsForeignKeys">0</value>
   </value>
   <value type="object" struct-name="db.mysql.StorageEngine" id="{4356897B-000F-4CDD-8CFF-F98C8F5646B2}" struct-checksum="0xf48dbcd2">
     <value type="string" key="caption"></value>
     <value type="string" key="comment"></value>
     <value type="string" key="description"></value>
     <value type="string" key="name">BLACKHOLE</value>
     <value type="string" key="oldName"></value>
     <value _ptr_="019DD110" type="list" content-type="object" content-struct-name="db.mysql.StorageEngineOption" key="options"/>
     <value type="int" key="supportsForeignKeys">0</value>
   </value>
   <value type="object" struct-name="db.mysql.StorageEngine" id="{CA82074E-9EAE-41E0-8368-EE62C07F17B5}" struct-checksum="0xf48dbcd2">
     <value type="string" key="caption"></value>
     <value type="string" key="comment"></value>
     <value type="string" key="description"></value>
     <value type="string" key="name">MRG_MyISAM</value>
     <value type="string" key="oldName"></value>
     <value _ptr_="019DCF78" type="list" content-type="object" content-struct-name="db.mysql.StorageEngineOption" key="options"/>
     <value type="int" key="supportsForeignKeys">0</value>
   </value>
 </value>
</data>
